seed,avg_usi,min_usi,max_usi,final_usi,avg_gini,final_gini,avg_trust,final_trust,avg_S_R,avg_S_I,avg_S_O,time_to_collapse,completed_steps
42,0.5651091835786917,0.5529827661633676,0.584236989385743,0.5648562782950544,0.45622618465820897,0.45593106458420096,0.6827545188162647,0.6814896712341674,0.03392334526335373,0.543773815341791,0.9999850548933573,,50
43,0.5253335544914309,0.5214099969832824,0.528575280499382,0.5253139779154989,0.5458180030276124,0.5455978875815919,0.622516337928388,0.6221505308770809,0.024636819225621002,0.45418199697238754,0.9999990638393272,,50
44,0.5099182292354985,0.4978380915248053,0.5107234311695781,0.5101601527982378,0.5949500800560982,0.5941596381454135,0.6191275255057861,0.6191868313059752,0.015498064688819,0.4050499199439018,0.9999974068034868,,50
45,0.540968890395557,0.5351862724086858,0.5448836696503285,0.5409573725299304,0.5296393701098113,0.5291657607680371,0.6779529144293771,0.6775154280060208,0.015563940085343779,0.47036062989018856,0.9999980771773181,,50
46,0.5466936206982271,0.5377161138560326,0.5488701540250989,0.5469137332222018,0.5043397445577695,0.5033356796258335,0.659429919801281,0.6591413357026762,0.03168564745203449,0.4956602554422305,0.9999986600973623,,50
