seed,avg_usi,min_usi,max_usi,final_usi,avg_gini,final_gini,avg_trust,final_trust,avg_S_R,avg_S_I,avg_S_O,time_to_collapse,completed_steps
42,0.5651091835786917,0.5529827661633676,0.584236989385743,0.5648562782950544,0.45622618465820897,0.45593106458420096,0.6827545188162647,0.6814896712341674,0.03392334526335373,0.543773815341791,0.9999850548933573,,50
43,0.5253335544914309,0.5214099969832824,0.528575280499382,0.5253139779154989,0.5458180030276124,0.5455978875815919,0.622516337928388,0.6221505308770809,0.024636819225621002,0.45418199697238754,0.9999990638393272,,50
44,0.5106387182678058,0.5041945556797318,0.518575251392662,0.510644905487224,0.5930124760313835,0.5928732441740598,0.6196077383872108,0.6195134600907625,0.015962933813995047,0.4069875239686165,0.9999966769014006,,50
45,0.5478854969996914,0.5416088080362161,0.5534277311455532,0.5479961716787929,0.5123286216333325,0.5115533614436367,0.6822696993865992,0.6819253448827312,0.021603162417993253,0.48767137836666763,0.9999977478275055,,50
46,0.5466936206982271,0.5377161138560326,0.5488701540250989,0.5469137332222018,0.5043397445577695,0.5033356796258335,0.659429919801281,0.6591413357026762,0.03168564745203449,0.4956602554422305,0.9999986600973623,,50
